{"cameraMode":{"drawMode":0,"name":"Shaded","section":"Shading Mode"},"sceneLighting":true,"audioPlay":false,"sceneViewState":{"showFog":true,"showMaterialUpdate":false,"showSkybox":true,"showFlares":true,"showImageEffects":true,"showParticleSystems":true},"in2DMode":false,"pivot":{"x":15.333815574645996,"y":0.12499991804361344,"z":32.43430709838867},"rotation":{"x":-0.16209550201892854,"y":-0.345834881067276,"z":0.060800448060035709,"w":-0.9221858382225037},"size":12.939250946044922,"orthographic":false}