{"cameraMode":{"drawMode":0,"name":"Shaded","section":"Shading Mode"},"sceneLighting":true,"audioPlay":false,"sceneViewState":{"showFog":true,"showMaterialUpdate":false,"showSkybox":true,"showFlares":true,"showImageEffects":true,"showParticleSystems":true},"in2DMode":false,"pivot":{"x":1.856139898300171,"y":8.183846473693848,"z":1.1015386581420899},"rotation":{"x":0.0032847316469997169,"y":-0.9831430912017822,"z":0.1819506734609604,"w":0.01768762804567814},"size":6.345235347747803,"orthographic":false}