{"cameraMode":{"drawMode":0,"name":"Shaded","section":"Shading Mode"},"sceneLighting":true,"audioPlay":false,"sceneViewState":{"showFog":true,"showMaterialUpdate":false,"showSkybox":true,"showFlares":true,"showImageEffects":true,"showParticleSystems":true},"in2DMode":false,"pivot":{"x":55.0,"y":2.376490592956543,"z":1.358518362045288},"rotation":{"x":0.19240178167819978,"y":0.19000372290611268,"z":-0.03800148144364357,"w":0.9619958996772766},"size":54.14229202270508,"orthographic":true}