{"cameraMode":{"drawMode":0,"name":"Shaded","section":"Shading Mode"},"sceneLighting":false,"audioPlay":false,"sceneViewState":{"showFog":true,"showMaterialUpdate":false,"showSkybox":false,"showFlares":true,"showImageEffects":true,"showParticleSystems":true},"in2DMode":false,"pivot":{"x":16.079999923706056,"y":17.510000228881837,"z":1.2899999618530274},"rotation":{"x":0.22023223340511323,"y":0.5005277991294861,"z":-0.1333647519350052,"w":0.826549232006073},"size":22.0,"orthographic":true}