{"cameraMode":{"drawMode":0,"name":"Shaded","section":"Shading Mode"},"sceneLighting":false,"audioPlay":false,"sceneViewState":{"showFog":true,"showMaterialUpdate":false,"showSkybox":false,"showFlares":true,"showImageEffects":true,"showParticleSystems":true},"in2DMode":false,"pivot":{"x":0.0,"y":2.376490592956543,"z":-0.6414816379547119},"rotation":{"x":0.045233260840177539,"y":0.8392558693885803,"z":-0.07066381722688675,"w":0.5372245907783508},"size":14.982626914978028,"orthographic":true}