{"cameraMode":{"drawMode":0,"name":"Shaded","section":"Shading Mode"},"sceneLighting":true,"audioPlay":false,"sceneViewState":{"showFog":true,"showMaterialUpdate":false,"showSkybox":true,"showFlares":true,"showImageEffects":true,"showParticleSystems":true},"in2DMode":false,"pivot":{"x":6.0414814949035648,"y":9.266490936279297,"z":2.0233683586120607},"rotation":{"x":0.26394855976104739,"y":-0.19649958610534669,"z":0.05501813814043999,"w":0.9427047371864319},"size":14.209168434143067,"orthographic":true}