{"cameraMode":{"drawMode":0,"name":"Shaded","section":"Shading Mode"},"sceneLighting":true,"audioPlay":false,"sceneViewState":{"showFog":true,"showMaterialUpdate":false,"showSkybox":true,"showFlares":true,"showImageEffects":true,"showParticleSystems":true},"in2DMode":false,"pivot":{"x":28.42797088623047,"y":5.780305862426758,"z":8.886802673339844},"rotation":{"x":-0.2387506663799286,"y":0.6396743655204773,"z":-0.21909292042255402,"w":-0.6970030069351196},"size":26.496313095092775,"orthographic":false}