{"cameraMode":{"drawMode":0,"name":"Shaded","section":"Shading Mode"},"sceneLighting":false,"audioPlay":false,"sceneViewState":{"showFog":true,"showMaterialUpdate":false,"showSkybox":false,"showFlares":true,"showImageEffects":true,"showParticleSystems":true},"in2DMode":false,"pivot":{"x":-11.470000267028809,"y":2.376490592956543,"z":25.108518600463868},"rotation":{"x":-0.2499968707561493,"y":-0.16460071504116059,"z":0.04317104071378708,"w":-0.953175961971283},"size":14.982623100280762,"orthographic":true}