{"cameraMode":{"drawMode":0,"name":"Shaded","section":"Shading Mode"},"sceneLighting":false,"audioPlay":false,"sceneViewState":{"showFog":true,"showMaterialUpdate":false,"showSkybox":false,"showFlares":true,"showImageEffects":true,"showParticleSystems":true},"in2DMode":false,"pivot":{"x":9.087992668151856,"y":2.4250001907348635,"z":-1.5523934364318848},"rotation":{"x":0.009250590577721596,"y":-0.970253050327301,"z":0.23898066580295564,"w":0.03757232427597046},"size":1.1198439598083497,"orthographic":true}