{"cameraMode":{"drawMode":0,"name":"Shaded","section":"Shading Mode"},"sceneLighting":true,"audioPlay":false,"sceneViewState":{"showFog":true,"showMaterialUpdate":false,"showSkybox":true,"showFlares":true,"showImageEffects":true,"showParticleSystems":true},"in2DMode":false,"pivot":{"x":0.05583357810974121,"y":2.252284049987793,"z":0.555185079574585},"rotation":{"x":0.05250167474150658,"y":-0.9004988074302673,"z":0.11351682990789414,"w":0.4164845645427704},"size":24.264041900634767,"orthographic":true}