{"cameraMode":{"drawMode":0,"name":"Shaded","section":"Shading Mode"},"sceneLighting":true,"audioPlay":false,"sceneViewState":{"showFog":true,"showMaterialUpdate":false,"showSkybox":true,"showFlares":true,"showImageEffects":true,"showParticleSystems":true},"in2DMode":false,"pivot":{"x":-16.03789710998535,"y":0.0,"z":31.205307006835939},"rotation":{"x":0.05902246758341789,"y":-0.9409767985343933,"z":0.23626495897769929,"w":0.23507001996040345},"size":18.067289352416993,"orthographic":false}