{"cameraMode":{"drawMode":0,"name":"Shaded","section":"Shading Mode"},"sceneLighting":false,"audioPlay":false,"sceneViewState":{"showFog":true,"showMaterialUpdate":false,"showSkybox":false,"showFlares":true,"showImageEffects":true,"showParticleSystems":true},"in2DMode":false,"pivot":{"x":0.9762930870056152,"y":2.928277015686035,"z":-0.9115722179412842},"rotation":{"x":-0.0173026230186224,"y":-0.9814725518226624,"z":0.15738265216350556,"w":-0.10790293663740158},"size":16.8444881439209,"orthographic":false}