{"cameraMode":{"drawMode":0,"name":"Shaded","section":"Shading Mode"},"sceneLighting":true,"audioPlay":false,"sceneViewState":{"showFog":true,"showMaterialUpdate":false,"showSkybox":true,"showFlares":true,"showImageEffects":true,"showParticleSystems":true},"in2DMode":false,"pivot":{"x":99.93248748779297,"y":2.4598240852355959,"z":99.14446258544922},"rotation":{"x":-0.2876679599285126,"y":0.3089631199836731,"z":-0.09862865507602692,"w":-0.9011444449424744},"size":16.555095672607423,"orthographic":true}