{"cameraMode":{"drawMode":0,"name":"Shaded","section":"Shading Mode"},"sceneLighting":true,"audioPlay":false,"sceneViewState":{"showFog":true,"showMaterialUpdate":false,"showSkybox":true,"showFlares":true,"showImageEffects":true,"showParticleSystems":true},"in2DMode":false,"pivot":{"x":0.0,"y":2.376490592956543,"z":1.358518362045288},"rotation":{"x":0.12516683340072633,"y":-0.8375570178031921,"z":0.21564871072769166,"w":0.48613491654396059},"size":14.982626914978028,"orthographic":true}