{"cameraMode":{"drawMode":0,"name":"Shaded","section":"Shading Mode"},"sceneLighting":false,"audioPlay":false,"sceneViewState":{"showFog":true,"showMaterialUpdate":false,"showSkybox":false,"showFlares":true,"showImageEffects":true,"showParticleSystems":true},"in2DMode":false,"pivot":{"x":0.05583357810974121,"y":2.252284049987793,"z":0.555185079574585},"rotation":{"x":0.15894828736782075,"y":0.27925777435302737,"z":-0.046930935233831409,"w":0.945805549621582},"size":8.857282638549805,"orthographic":true}