{"cameraMode":{"drawMode":0,"name":"Shaded","section":"Shading Mode"},"sceneLighting":true,"audioPlay":false,"sceneViewState":{"showFog":true,"showMaterialUpdate":false,"showSkybox":true,"showFlares":true,"showImageEffects":true,"showParticleSystems":true},"in2DMode":false,"pivot":{"x":7.173209190368652,"y":1.4490280151367188,"z":6.852358818054199},"rotation":{"x":-0.2499968707561493,"y":-0.16460071504116059,"z":0.04317104071378708,"w":-0.953175961971283},"size":160.04148864746095,"orthographic":true}