{"cameraMode":{"drawMode":0,"name":"Shaded","section":"Shading Mode"},"sceneLighting":true,"audioPlay":false,"sceneViewState":{"showFog":true,"showMaterialUpdate":false,"showSkybox":true,"showFlares":true,"showImageEffects":true,"showParticleSystems":true},"in2DMode":false,"pivot":{"x":0.9762930870056152,"y":3.781686305999756,"z":-0.9136809706687927},"rotation":{"x":0.1065785214304924,"y":-0.6859788298606873,"z":0.10262268036603928,"w":0.7124203443527222},"size":8.389335632324219,"orthographic":false}