{"cameraMode":{"drawMode":0,"name":"Shaded","section":"Shading Mode"},"sceneLighting":false,"audioPlay":false,"sceneViewState":{"showFog":true,"showMaterialUpdate":false,"showSkybox":false,"showFlares":true,"showImageEffects":true,"showParticleSystems":true},"in2DMode":false,"pivot":{"x":4.62261438369751,"y":7.85801887512207,"z":5.184889793395996},"rotation":{"x":0.007996057160198689,"y":-0.9886195063591003,"z":0.05671738460659981,"w":0.13910707831382752},"size":8.932942390441895,"orthographic":false}