{"cameraMode":{"drawMode":0,"name":"Shaded","section":"Shading Mode"},"sceneLighting":true,"audioPlay":false,"sceneViewState":{"showFog":true,"showMaterialUpdate":false,"showSkybox":true,"showFlares":true,"showImageEffects":true,"showParticleSystems":true},"in2DMode":false,"pivot":{"x":12.71777057647705,"y":5.917630195617676,"z":44.79642105102539},"rotation":{"x":0.05902246758341789,"y":-0.9409767985343933,"z":0.23626495897769929,"w":0.23507001996040345},"size":22.0,"orthographic":false}