{"cameraMode":{"drawMode":0,"name":"Shaded","section":"Shading Mode"},"sceneLighting":false,"audioPlay":false,"sceneViewState":{"showFog":true,"showMaterialUpdate":false,"showSkybox":false,"showFlares":true,"showImageEffects":true,"showParticleSystems":true},"in2DMode":false,"pivot":{"x":-0.02067387104034424,"y":3.716890573501587,"z":-0.2059442698955536},"rotation":{"x":0.1065785214304924,"y":-0.6859788298606873,"z":0.10262268036603928,"w":0.7124203443527222},"size":14.076926231384278,"orthographic":false}