{"cameraMode":{"drawMode":0,"name":"Shaded","section":"Shading Mode"},"sceneLighting":true,"audioPlay":false,"sceneViewState":{"showFog":true,"showMaterialUpdate":false,"showSkybox":true,"showFlares":true,"showImageEffects":true,"showParticleSystems":true},"in2DMode":false,"pivot":{"x":-13.835176467895508,"y":0.0,"z":15.175045013427735},"rotation":{"x":0.015937548130750657,"y":-0.9766882061958313,"z":0.19931660592556,"w":0.07809685915708542},"size":22.20493507385254,"orthographic":false}