{"cameraMode":{"drawMode":0,"name":"Shaded","section":"Shading Mode"},"sceneLighting":true,"audioPlay":false,"sceneViewState":{"showFog":true,"showMaterialUpdate":false,"showSkybox":true,"showFlares":true,"showImageEffects":true,"showParticleSystems":true},"in2DMode":false,"pivot":{"x":0.0,"y":3.0537288188934328,"z":1.358518362045288},"rotation":{"x":0.5107162594795227,"y":-0.4876074194908142,"z":0.47092917561531069,"w":0.5288040041923523},"size":16.612194061279298,"orthographic":true}