{"cameraMode":{"drawMode":0,"name":"Shaded","section":"Shading Mode"},"sceneLighting":true,"audioPlay":false,"sceneViewState":{"showFog":true,"showMaterialUpdate":false,"showSkybox":true,"showFlares":true,"showImageEffects":true,"showParticleSystems":true},"in2DMode":false,"pivot":{"x":-48.2491340637207,"y":3.457979679107666,"z":45.823997497558597},"rotation":{"x":-0.12627282738685609,"y":0.871530294418335,"z":-0.300286203622818,"w":-0.3664947748184204},"size":15.252792358398438,"orthographic":false}