{"cameraMode":{"drawMode":0,"name":"Shaded","section":"Shading Mode"},"sceneLighting":false,"audioPlay":false,"sceneViewState":{"showFog":true,"showMaterialUpdate":false,"showSkybox":false,"showFlares":true,"showImageEffects":true,"showParticleSystems":true},"in2DMode":false,"pivot":{"x":-49.15779113769531,"y":3.580888271331787,"z":44.55479431152344},"rotation":{"x":-0.2499968707561493,"y":-0.16460071504116059,"z":0.04317104071378708,"w":-0.953175961971283},"size":12.353785514831543,"orthographic":true}